<?xml version="1.0" encoding="UTF-8"?>
<jcr:root xmlns:sling="http://sling.apache.org/jcr/sling/1.0" xmlns:jcr="http://www.jcp.org/jcr/1.0" xmlns:nt="http://www.jcp.org/jcr/nt/1.0"
    jcr:primaryType="nt:unstructured">
    <search jcr:primaryType="nt:unstructured">
        <facets jcr:primaryType="nt:unstructured">
            <inbox jcr:primaryType="nt:unstructured">
                <jcr:content jcr:primaryType="nt:unstructured">
                    <items jcr:primaryType="nt:unstructured">
                        <charset/>
                        <orderby/>
                        <fulltext/>
                        <path/>
                        <payloadpath/>
                        <workflowmodelpath/>
                        <workflowmodelsteppath
                            jcr:primaryType="nt:unstructured"
                            sling:resourceType="cq/workflow/admin/console/components/customsearch/searchpredicate/workflowmodelpredicate"
                            emptyText="Select Workflow Step"
                            fieldLabel="Workflow Step Browser"
                            listOrder="12"
                            metaType="path"
                            name="workflowModelStepsPath">
                            <datasource
                                jcr:primaryType="nt:unstructured"
                                sling:resourceType="cq/workflow/admin/console/components/datasource/modelstepselectdatasource"/>
                        </workflowmodelsteppath>
                        <assignee/>
                        <type/>
                        <status/>
                        <ownerassignee/>
                        <startdate/>
                        <enddate/>
                        <duedate/>
                        <updateddate/>
                    </items>
                </jcr:content>
            </inbox>
        </facets>
    </search>
</jcr:root>
