<?xml version="1.0" encoding="UTF-8"?>
<jcr:root xmlns:sling="http://sling.apache.org/jcr/sling/1.0" xmlns:granite="http://www.adobe.com/jcr/granite/1.0" xmlns:cq="http://www.day.com/jcr/cq/1.0" xmlns:jcr="http://www.jcp.org/jcr/1.0" xmlns:nt="http://www.jcp.org/jcr/nt/1.0"
    jcr:primaryType="cq:Page">
    <jcr:content jcr:primaryType="nt:unstructured">
        <actions jcr:primaryType="nt:unstructured">
            <selection jcr:primaryType="nt:unstructured">
                <create/>
                <open/>
                <viewproperties/>
                <promote/>
                <viewfolderproperties/>
                <openconteniInsight/>
                <lockpage/>
                <unlockpage/>
                <copypage/>
                <movepage/>
                <quickpublish/>
                <managepublication/>
                <restore/>
                <deletepage/>
                <updatetranslationmemory/>
                <relocatepage
                    granite:rel="cq-siteadmin-admin-actions-move-activator"
                    jcr:primaryType="nt:unstructured"
                    sling:resourceType="granite/ui/components/coral/foundation/collection/action"
                    action="cq.wcm.move"
                    actionConfigName="granite/ui/shell/actions/move"
                    activeSelectionCount="single"
                    target=".cq-siteadmin-admin-childpages"
                    text="Relocate"
                    variant="actionBar">
                    <data
                        jcr:primaryType="nt:unstructured"
                        href.uritemplate="/mnt/overlay/wcm/core/content/sites/relocatepagewizard.html{+item}"
                        infoSrc.url="/libs/wcm/core/content/launch.json?_charset_=utf-8{&amp;path}"/>
                </relocatepage>
            </selection>
        </actions>
    </jcr:content>
    <relocatepagewizard/>
</jcr:root>
